{"is_source_file": false, "format": "", "description": "", "external_files": [], "external_methods": [], "published": [], "classes": [], "methods": [], "calls": [], "search-terms": [], "state": 2, "file_id": 5, "knowledge_revision": 15, "git_revision": "59cbdbd898f89fb774cebedec7c32ceeebb3625d", "hash": "22f9e17cc1848b56dbb244518ac2707e", "format-version": 4, "code-base-name": "meme_generator_frontend", "filename": "meme_generator_frontend/src/App.css", "revision_history": [{"15": "59cbdbd898f89fb774cebedec7c32ceeebb3625d"}]}