{"is_source_file": true, "format": "JavaScript (React JSX)", "description": "This file is the entry point for a React application, responsible for rendering the main App component into the DOM.", "external_files": ["./index.css", "./App"], "external_methods": ["ReactDOM.createRoot", "root.render"], "published": [], "classes": [], "methods": ["ReactDOM.createRoot", "root.render"], "calls": ["ReactDOM.createRoot", "root.render", "<React.StrictMode>", "<App />"], "search-terms": ["ReactDOM", "React.StrictMode", "App component", "index.js", "React entry point"], "state": 2, "file_id": 4, "knowledge_revision": 23, "git_revision": "59cbdbd898f89fb774cebedec7c32ceeebb3625d", "ctags": [{"_type": "tag", "name": "root", "path": "/home/kavia/workspace/code-generation/meme-creator-studio-312364-312374/meme_generator_frontend/src/index.js", "pattern": "/^const root = ReactDOM.createRoot(document.getElementById('root'));$/", "language": "JavaScript", "kind": "constant"}], "hash": "9fc5841375336fc175b49f8767a11383", "format-version": 4, "code-base-name": "meme_generator_frontend", "filename": "meme_generator_frontend/src/index.js", "revision_history": [{"23": "59cbdbd898f89fb774cebedec7c32ceeebb3625d"}]}