{"is_source_file": false, "format": "", "description": "", "external_files": [], "external_methods": [], "published": [], "classes": [], "methods": [], "calls": [], "search-terms": [], "state": 2, "file_id": 7, "knowledge_revision": 17, "git_revision": "59cbdbd898f89fb774cebedec7c32ceeebb3625d", "hash": "d2b40d02d5f7873d8a6713bad837edd4", "format-version": 4, "code-base-name": "meme_generator_frontend", "filename": "meme_generator_frontend/public/index.html", "revision_history": [{"17": "59cbdbd898f89fb774cebedec7c32ceeebb3625d"}]}