{"is_source_file": false, "format": "", "description": "", "external_files": [], "external_methods": [], "published": [], "classes": [], "methods": [], "calls": [], "search-terms": [], "state": 2, "file_id": 9, "knowledge_revision": 18, "git_revision": "59cbdbd898f89fb774cebedec7c32ceeebb3625d", "hash": "ebece526bc2eadd78ddd787a76c56607", "format-version": 4, "code-base-name": "meme_generator_frontend", "filename": "meme_generator_frontend/README.md", "revision_history": [{"18": "59cbdbd898f89fb774cebedec7c32ceeebb3625d"}]}