{"is_source_file": true, "format": "JavaScript", "description": "This file sets up testing environment configurations for a JavaScript project, specifically importing custom matchers for testing DOM elements with jest-dom.", "external_files": ["@testing-library/jest-dom"], "external_methods": [], "published": [], "classes": [], "methods": [], "calls": ["import '@testing-library/jest-dom'"], "search-terms": ["setupTests.js", "jest-dom", "testing-library", "testing setup", "jest"], "state": 2, "file_id": 6, "knowledge_revision": 24, "git_revision": "59cbdbd898f89fb774cebedec7c32ceeebb3625d", "ctags": [], "hash": "1a77571e1a8cf36018a41bcedf60db75", "format-version": 4, "code-base-name": "meme_generator_frontend", "filename": "meme_generator_frontend/src/setupTests.js", "revision_history": [{"24": "59cbdbd898f89fb774cebedec7c32ceeebb3625d"}]}