{"is_source_file": false, "format": "", "description": "", "external_files": [], "external_methods": [], "published": [], "classes": [], "methods": [], "calls": [], "search-terms": [], "state": 2, "file_id": 11, "knowledge_revision": 20, "git_revision": "59cbdbd898f89fb774cebedec7c32ceeebb3625d", "hash": "d001d53c059625c4bcf75bf5a7f3fcf0", "format-version": 4, "code-base-name": "meme_generator_frontend", "filename": "meme_generator_frontend/package.json", "revision_history": [{"20": "59cbdbd898f89fb774cebedec7c32ceeebb3625d"}]}