{"is_source_file": true, "file_id": 17, "git_revision": "", "state": 1, "description": "", "external_files": [], "external_methods": [], "published": [], "classes": [], "methods": [], "calls": [], "search-terms": [], "ctags": [{"_type": "tag", "name": "LeftPanel", "path": "/home/kavia/workspace/code-generation/meme-creator-studio-312364-312374/meme_generator_frontend/src/components/LeftPanel.js", "pattern": "/^function LeftPanel({ onSelectImage }) {$/", "language": "JavaScript", "kind": "function", "signature": "({ onSelectImage })"}, {"_type": "tag", "name": "handleFileUpload", "path": "/home/kavia/workspace/code-generation/meme-creator-studio-312364-312374/meme_generator_frontend/src/components/LeftPanel.js", "pattern": "/^            onChange={handleFileUpload}$/", "language": "JavaScript", "kind": "field", "scope": "LeftPanel.onChange", "scopeKind": "class"}, {"_type": "tag", "name": "uploading", "path": "/home/kavia/workspace/code-generation/meme-creator-studio-312364-312374/meme_generator_frontend/src/components/LeftPanel.js", "pattern": "/^            disabled={uploading}$/", "language": "JavaScript", "kind": "field", "scope": "LeftPanel.disabled", "scopeKind": "class"}], "format": "JavaScript", "hash": "19eb88177a17879cc152d53252f08ad7", "format-version": 4, "code-base-name": "meme_generator_frontend", "filename": "meme_generator_frontend/src/components/LeftPanel.js", "knowledge_revision": 29}