{"is_source_file": false, "format": "", "description": "", "external_files": [], "external_methods": [], "published": [], "classes": [], "methods": [], "calls": [], "search-terms": [], "state": 2, "file_id": 10, "knowledge_revision": 19, "git_revision": "59cbdbd898f89fb774cebedec7c32ceeebb3625d", "hash": "be6538e7523bc2e9da0743133d784136", "format-version": 4, "code-base-name": "meme_generator_frontend", "filename": "meme_generator_frontend/eslint.config.mjs", "revision_history": [{"19": "59cbdbd898f89fb774cebedec7c32ceeebb3625d"}]}