{"is_source_file": true, "file_id": 14, "git_revision": "", "state": 1, "description": "", "external_files": [], "external_methods": [], "published": [], "classes": [], "methods": [], "calls": [], "search-terms": [], "ctags": [{"_type": "tag", "name": "ACTION_TYPES", "path": "/home/kavia/workspace/code-generation/meme-creator-studio-312364-312374/meme_generator_frontend/src/hooks/useMemeEditor.js", "pattern": "/^const ACTION_TYPES = {$/", "language": "JavaScript", "kind": "class"}, {"_type": "tag", "name": "ADD_TEXT_LAYER", "path": "/home/kavia/workspace/code-generation/meme-creator-studio-312364-312374/meme_generator_frontend/src/hooks/useMemeEditor.js", "pattern": "/^    case ACTION_TYPES.ADD_TEXT_LAYER:$/", "language": "JavaScript", "kind": "class", "scope": "case", "scopeKind": "class"}, {"_type": "tag", "name": "ADD_TEXT_LAYER", "path": "/home/kavia/workspace/code-generation/meme-creator-studio-312364-312374/meme_generator_frontend/src/hooks/useMemeEditor.js", "pattern": "/^  ADD_TEXT_LAYER: 'ADD_TEXT_LAYER',$/", "language": "JavaScript", "kind": "property", "scope": "ACTION_TYPES", "scopeKind": "class"}, {"_type": "tag", "name": "DELETE_TEXT_LAYER", "path": "/home/kavia/workspace/code-generation/meme-creator-studio-312364-312374/meme_generator_frontend/src/hooks/useMemeEditor.js", "pattern": "/^  DELETE_TEXT_LAYER: 'DELETE_TEXT_LAYER',$/", "language": "JavaScript", "kind": "property", "scope": "ACTION_TYPES", "scopeKind": "class"}, {"_type": "tag", "name": "MOVE_LAYER_DOWN", "path": "/home/kavia/workspace/code-generation/meme-creator-studio-312364-312374/meme_generator_frontend/src/hooks/useMemeEditor.js", "pattern": "/^  MOVE_LAYER_DOWN: 'MOVE_LAYER_DOWN',$/", "language": "JavaScript", "kind": "property", "scope": "ACTION_TYPES", "scopeKind": "class"}, {"_type": "tag", "name": "MOVE_LAYER_UP", "path": "/home/kavia/workspace/code-generation/meme-creator-studio-312364-312374/meme_generator_frontend/src/hooks/useMemeEditor.js", "pattern": "/^  MOVE_LAYER_UP: 'MOVE_LAYER_UP',$/", "language": "JavaScript", "kind": "property", "scope": "ACTION_TYPES", "scopeKind": "class"}, {"_type": "tag", "name": "RESET", "path": "/home/kavia/workspace/code-generation/meme-creator-studio-312364-312374/meme_generator_frontend/src/hooks/useMemeEditor.js", "pattern": "/^  RESET: 'RESET',$/", "language": "JavaScript", "kind": "property", "scope": "ACTION_TYPES", "scopeKind": "class"}, {"_type": "tag", "name": "SELECT_LAYER", "path": "/home/kavia/workspace/code-generation/meme-creator-studio-312364-312374/meme_generator_frontend/src/hooks/useMemeEditor.js", "pattern": "/^  SELECT_LAYER: 'SELECT_LAYER',$/", "language": "JavaScript", "kind": "property", "scope": "ACTION_TYPES", "scopeKind": "class"}, {"_type": "tag", "name": "SET_BASE_IMAGE", "path": "/home/kavia/workspace/code-generation/meme-creator-studio-312364-312374/meme_generator_frontend/src/hooks/useMemeEditor.js", "pattern": "/^  SET_BASE_IMAGE: 'SET_BASE_IMAGE',$/", "language": "JavaScript", "kind": "property", "scope": "ACTION_TYPES", "scopeKind": "class"}, {"_type": "tag", "name": "UPDATE_TEXT_LAYER", "path": "/home/kavia/workspace/code-generation/meme-creator-studio-312364-312374/meme_generator_frontend/src/hooks/useMemeEditor.js", "pattern": "/^  UPDATE_TEXT_LAYER: 'UPDATE_TEXT_LAYER',$/", "language": "JavaScript", "kind": "property", "scope": "ACTION_TYPES", "scopeKind": "class"}, {"_type": "tag", "name": "baseImage", "path": "/home/kavia/workspace/code-generation/meme-creator-studio-312364-312374/meme_generator_frontend/src/hooks/useMemeEditor.js", "pattern": "/^  baseImage: null,$/", "language": "JavaScript", "kind": "property", "scope": "initialState", "scopeKind": "class"}, {"_type": "tag", "name": "color", "path": "/home/kavia/workspace/code-generation/meme-creator-studio-312364-312374/meme_generator_frontend/src/hooks/useMemeEditor.js", "pattern": "/^        color: '#FFFFFF',$/", "language": "JavaScript", "kind": "property", "scope": "case.ADD_TEXT_LAYER", "scopeKind": "class"}, {"_type": "tag", "name": "fontFamily", "path": "/home/kavia/workspace/code-generation/meme-creator-studio-312364-312374/meme_generator_frontend/src/hooks/useMemeEditor.js", "pattern": "/^        fontFamily: 'Impact, Arial Black, sans-serif',$/", "language": "JavaScript", "kind": "property", "scope": "case.ADD_TEXT_LAYER", "scopeKind": "class"}, {"_type": "tag", "name": "fontSize", "path": "/home/kavia/workspace/code-generation/meme-creator-studio-312364-312374/meme_generator_frontend/src/hooks/useMemeEditor.js", "pattern": "/^        fontSize: 48,$/", "language": "JavaScript", "kind": "property", "scope": "case.ADD_TEXT_LAYER", "scopeKind": "class"}, {"_type": "tag", "name": "height", "path": "/home/kavia/workspace/code-generation/meme-creator-studio-312364-312374/meme_generator_frontend/src/hooks/useMemeEditor.js", "pattern": "/^        height: 60,$/", "language": "JavaScript", "kind": "property", "scope": "case.ADD_TEXT_LAYER", "scopeKind": "class"}, {"_type": "tag", "name": "id", "path": "/home/kavia/workspace/code-generation/meme-creator-studio-312364-312374/meme_generator_frontend/src/hooks/useMemeEditor.js", "pattern": "/^        id: state.nextLayerId,$/", "language": "JavaScript", "kind": "property", "scope": "case.ADD_TEXT_LAYER", "scopeKind": "class"}, {"_type": "tag", "name": "initialState", "path": "/home/kavia/workspace/code-generation/meme-creator-studio-312364-312374/meme_generator_frontend/src/hooks/useMemeEditor.js", "pattern": "/^const initialState = {$/", "language": "JavaScript", "kind": "class"}, {"_type": "tag", "name": "memeEditorReducer", "path": "/home/kavia/workspace/code-generation/meme-creator-studio-312364-312374/meme_generator_frontend/src/hooks/useMemeEditor.js", "pattern": "/^function memeEditorReducer(state, action) {$/", "language": "JavaScript", "kind": "function", "signature": "(state, action)"}, {"_type": "tag", "name": "nextLayerId", "path": "/home/kavia/workspace/code-generation/meme-creator-studio-312364-312374/meme_generator_frontend/src/hooks/useMemeEditor.js", "pattern": "/^  nextLayerId: 1,$/", "language": "JavaScript", "kind": "property", "scope": "initialState", "scopeKind": "class"}, {"_type": "tag", "name": "rotation", "path": "/home/kavia/workspace/code-generation/meme-creator-studio-312364-312374/meme_generator_frontend/src/hooks/useMemeEditor.js", "pattern": "/^        rotation: 0,$/", "language": "JavaScript", "kind": "property", "scope": "case.ADD_TEXT_LAYER", "scopeKind": "class"}, {"_type": "tag", "name": "selectedLayerId", "path": "/home/kavia/workspace/code-generation/meme-creator-studio-312364-312374/meme_generator_frontend/src/hooks/useMemeEditor.js", "pattern": "/^  selectedLayerId: null,$/", "language": "JavaScript", "kind": "property", "scope": "initialState", "scopeKind": "class"}, {"_type": "tag", "name": "strokeColor", "path": "/home/kavia/workspace/code-generation/meme-creator-studio-312364-312374/meme_generator_frontend/src/hooks/useMemeEditor.js", "pattern": "/^        strokeColor: '#000000',$/", "language": "JavaScript", "kind": "property", "scope": "case.ADD_TEXT_LAYER", "scopeKind": "class"}, {"_type": "tag", "name": "strokeWidth", "path": "/home/kavia/workspace/code-generation/meme-creator-studio-312364-312374/meme_generator_frontend/src/hooks/useMemeEditor.js", "pattern": "/^        strokeWidth: 2,$/", "language": "JavaScript", "kind": "property", "scope": "case.ADD_TEXT_LAYER", "scopeKind": "class"}, {"_type": "tag", "name": "text", "path": "/home/kavia/workspace/code-generation/meme-creator-studio-312364-312374/meme_generator_frontend/src/hooks/useMemeEditor.js", "pattern": "/^        text: 'Double click to edit',$/", "language": "JavaScript", "kind": "property", "scope": "case.ADD_TEXT_LAYER", "scopeKind": "class"}, {"_type": "tag", "name": "textAlign", "path": "/home/kavia/workspace/code-generation/meme-creator-studio-312364-312374/meme_generator_frontend/src/hooks/useMemeEditor.js", "pattern": "/^        textAlign: 'center',$/", "language": "JavaScript", "kind": "property", "scope": "case.ADD_TEXT_LAYER", "scopeKind": "class"}, {"_type": "tag", "name": "textLayers", "path": "/home/kavia/workspace/code-generation/meme-creator-studio-312364-312374/meme_generator_frontend/src/hooks/useMemeEditor.js", "pattern": "/^  textLayers: [],$/", "language": "JavaScript", "kind": "property", "scope": "initialState", "scopeKind": "class"}, {"_type": "tag", "name": "useMemeEditor", "path": "/home/kavia/workspace/code-generation/meme-creator-studio-312364-312374/meme_generator_frontend/src/hooks/useMemeEditor.js", "pattern": "/^export function useMemeEditor() {$/", "language": "JavaScript", "kind": "function", "signature": "()"}, {"_type": "tag", "name": "width", "path": "/home/kavia/workspace/code-generation/meme-creator-studio-312364-312374/meme_generator_frontend/src/hooks/useMemeEditor.js", "pattern": "/^        width: 300,$/", "language": "JavaScript", "kind": "property", "scope": "case.ADD_TEXT_LAYER", "scopeKind": "class"}, {"_type": "tag", "name": "x", "path": "/home/kavia/workspace/code-generation/meme-creator-studio-312364-312374/meme_generator_frontend/src/hooks/useMemeEditor.js", "pattern": "/^        x: 50,$/", "language": "JavaScript", "kind": "property", "scope": "case.ADD_TEXT_LAYER", "scopeKind": "class"}, {"_type": "tag", "name": "y", "path": "/home/kavia/workspace/code-generation/meme-creator-studio-312364-312374/meme_generator_frontend/src/hooks/useMemeEditor.js", "pattern": "/^        y: 50,$/", "language": "JavaScript", "kind": "property", "scope": "case.ADD_TEXT_LAYER", "scopeKind": "class"}], "format": "JavaScript", "hash": "75bbe579b615e79131ac6b603920967b", "format-version": 4, "code-base-name": "meme_generator_frontend", "filename": "meme_generator_frontend/src/hooks/useMemeEditor.js", "knowledge_revision": 26}