{"is_source_file": true, "format": "JavaScript (React JSX)", "description": "This file defines a React functional component 'App' which manages a theme toggle (light/dark mode) state, applies the theme to the document, and renders UI elements including a toggle button, logo, informational text, and a link.", "external_files": ["./logo.svg", "./App.css"], "external_methods": ["document.documentElement.setAttribute"], "published": ["App"], "classes": [], "methods": ["App", "toggleTheme"], "calls": ["document.documentElement.setAttribute"], "search-terms": ["React", "useState", "useEffect", "theme toggle", "light dark mode", "App component"], "state": 2, "file_id": 2, "knowledge_revision": 10, "git_revision": "", "ctags": [{"_type": "tag", "name": "App", "path": "/home/kavia/workspace/code-generation/meme-creator-studio-312364-312374/meme_generator_frontend/src/App.js", "pattern": "/^function App() {$/", "language": "JavaScript", "kind": "function", "signature": "()"}, {"_type": "tag", "name": "Switch to ${theme === 'light' ? 'dark' : 'light'} mode", "path": "/home/kavia/workspace/code-generation/meme-creator-studio-312364-312374/meme_generator_frontend/src/App.js", "pattern": "/^          aria-label={`Switch to ${theme === 'light' ? 'dark' : 'light'} mode`}$/", "language": "JavaScript", "kind": "field", "scope": "App.aria", "scopeKind": "class"}, {"_type": "tag", "name": "toggleTheme", "path": "/home/kavia/workspace/code-generation/meme-creator-studio-312364-312374/meme_generator_frontend/src/App.js", "pattern": "/^          onClick={toggleTheme}$/", "language": "JavaScript", "kind": "field", "scope": "App.onClick", "scopeKind": "class"}], "hash": "b55dd9e6a018e59207d8e277dffd9e11", "format-version": 4, "code-base-name": "meme_generator_frontend", "filename": "meme_generator_frontend/src/App.js"}