{"is_source_file": false, "format": "", "description": "", "external_files": [], "external_methods": [], "published": [], "classes": [], "methods": [], "calls": [], "search-terms": [], "state": 2, "file_id": 8, "knowledge_revision": 16, "git_revision": "59cbdbd898f89fb774cebedec7c32ceeebb3625d", "hash": "d9d975cebe2ec20b6c652e1e4c12ccf0", "format-version": 4, "code-base-name": "meme_generator_frontend", "filename": "meme_generator_frontend/public/manifest.json", "revision_history": [{"16": "59cbdbd898f89fb774cebedec7c32ceeebb3625d"}]}