{"is_source_file": true, "file_id": 15, "git_revision": "", "state": 1, "description": "", "external_files": [], "external_methods": [], "published": [], "classes": [], "methods": [], "calls": [], "search-terms": [], "ctags": [{"_type": "tag", "name": "TopNav", "path": "/home/kavia/workspace/code-generation/meme-creator-studio-312364-312374/meme_generator_frontend/src/components/TopNav.js", "pattern": "/^function TopNav({ onReset }) {$/", "language": "JavaScript", "kind": "function", "signature": "({ onReset })"}, {"_type": "tag", "name": "onReset", "path": "/home/kavia/workspace/code-generation/meme-creator-studio-312364-312374/meme_generator_frontend/src/components/TopNav.js", "pattern": "/^          onClick={onReset}$/", "language": "JavaScript", "kind": "field", "scope": "TopNav.onClick", "scopeKind": "class"}], "format": "JavaScript", "hash": "f3e5fdecd958a6be08685884d7a30474", "format-version": 4, "code-base-name": "meme_generator_frontend", "filename": "meme_generator_frontend/src/components/TopNav.js", "knowledge_revision": 27}