{"is_source_file": false, "format": null, "description": null, "external_files": [], "external_methods": [], "published": [], "classes": [], "methods": [], "calls": [], "search-terms": [], "state": 2, "file_id": 3, "knowledge_revision": 14, "git_revision": "59cbdbd898f89fb774cebedec7c32ceeebb3625d", "hash": "6c2104b8d219ed99234ae2d6329f4357", "format-version": 4, "code-base-name": "meme_generator_frontend", "filename": "meme_generator_frontend/src/index.css", "revision_history": [{"14": "59cbdbd898f89fb774cebedec7c32ceeebb3625d"}]}