{"is_source_file": true, "file_id": 13, "git_revision": "", "state": 1, "description": "", "external_files": [], "external_methods": [], "published": [], "classes": [], "methods": [], "calls": [], "search-terms": [], "ctags": [{"_type": "tag", "name": "API_BASE_URL", "path": "/home/kavia/workspace/code-generation/meme-creator-studio-312364-312374/meme_generator_frontend/src/services/api.js", "pattern": "/^const API_BASE_URL = process.env.REACT_APP_BACKEND_URL || 'http:\\/\\/localhost:3001';$/", "language": "JavaScript", "kind": "constant"}, {"_type": "tag", "name": "getSharedMeme", "path": "/home/kavia/workspace/code-generation/meme-creator-studio-312364-312374/meme_generator_frontend/src/services/api.js", "pattern": "/^export async function getSharedMeme(token) {$/", "language": "JavaScript", "kind": "function", "signature": "(token)"}, {"_type": "tag", "name": "getTemplates", "path": "/home/kavia/workspace/code-generation/meme-creator-studio-312364-312374/meme_generator_frontend/src/services/api.js", "pattern": "/^export async function getTemplates() {$/", "language": "JavaScript", "kind": "function", "signature": "()"}, {"_type": "tag", "name": "handleResponse", "path": "/home/kavia/workspace/code-generation/meme-creator-studio-312364-312374/meme_generator_frontend/src/services/api.js", "pattern": "/^async function handleResponse(response) {$/", "language": "JavaScript", "kind": "function", "signature": "(response)"}, {"_type": "tag", "name": "renderMeme", "path": "/home/kavia/workspace/code-generation/meme-creator-studio-312364-312374/meme_generator_frontend/src/services/api.js", "pattern": "/^export async function renderMeme(memeData) {$/", "language": "JavaScript", "kind": "function", "signature": "(memeData)"}, {"_type": "tag", "name": "shareMeme", "path": "/home/kavia/workspace/code-generation/meme-creator-studio-312364-312374/meme_generator_frontend/src/services/api.js", "pattern": "/^export async function shareMeme(memeData) {$/", "language": "JavaScript", "kind": "function", "signature": "(memeData)"}, {"_type": "tag", "name": "uploadImage", "path": "/home/kavia/workspace/code-generation/meme-creator-studio-312364-312374/meme_generator_frontend/src/services/api.js", "pattern": "/^export async function uploadImage(file) {$/", "language": "JavaScript", "kind": "function", "signature": "(file)"}], "format": "JavaScript", "hash": "004001de21d228cee304902dbd1b9312", "format-version": 4, "code-base-name": "meme_generator_frontend", "filename": "meme_generator_frontend/src/services/api.js", "knowledge_revision": 25}