{"is_source_file": false, "format": "", "description": "", "external_files": [], "external_methods": [], "published": [], "classes": [], "methods": [], "calls": [], "search-terms": [], "state": 2, "file_id": 12, "knowledge_revision": 21, "git_revision": "b52cd879784f0120db65ec8082b5eb4bc76d93de", "hash": "6ca2fbe7d306e67ec54886c1f6fefcf2", "format-version": 4, "code-base-name": "meme_generator_frontend", "filename": "README.md", "revision_history": [{"21": "b52cd879784f0120db65ec8082b5eb4bc76d93de"}]}